/staff/vasean-everett	/about/staff/vasean-everett
/staff/harold-pichol	/about/staff/harold-pichol
/staff/zoe-tucker	/about/staff/zoe-tucker
/support/support-instructors/request-instruction-session	/help/services-resources/request-an-instruction-session-or-instructional-consultation
/support/research-help/research-data-services	/help/services-resources/research-data-services
/use/computers-computing-services/lux-lab/equipment-information	/help/services-resources/lux-lab-equipment-information
/destination/lux-lab-yrl	/visit/locations/data-science-center/
/location/sel/key-resources/journal-articles-conference-papers	/visit/locations/science-engineering-library/
/social-science-data-archive/data-archive-catalog	/help/services-resources/social-science-data-archive-and-collections
/support/support-instructors/library-teaching-toolkit	/help/services-resources/library-teaching-toolkit
/sel/resources-subject	/visit/locations/science-engineering-library/
/location/science-engineering-library/key-resources/e-books-reference-sources	/visit/locations/science-engineering-library/
/location/east-asian-library-richard-c-rudolph/korean-studies	/help/services-resources/korean-studies-collection
/use/borrow-renew-return/items-not-shelf-or-checked-out/find-missing-item	/help/services-resources/find-a-missing-item
/use/borrow-renew-return/course-reserves/information-instructors	/help/services-resources/course-reserves-for-instructors
/use/computers-computing-services/wi-fi	/help/services-resources/wireless-network-access-wi-fi
/use/computers-computing-services/connect-campus	/help/services-resources/connect-from-off-campus
/access-privileges/library-cards	/help/services-resources/library-cards
/location/southern-regional-library-facility/how-request-items-stored-srlf	/help/services-resources/how-to-request-items-stored-in-the-srlf
/location/library-special-collections/research-instruction/teaching-special-collections	/help/services-resources/teaching-with-special-collections
/location/library-special-collections/research-instruction/requesting-duplication-lsc-materials	/help/services-resources/request-duplication-of-lsc-materials
/research-writing	/help/services-resources/research-and-writing-help-space
/location/powell-library/request-event-or-exhibit-powell	/help/services-resources/request-an-event-or-exhibit-at-powell
/arts-library-collections-access-services-during-seismic-construction-closure	/help/arts-library-collections-access-and-services-during-seismic-construction-closure
/location/powell-library/request-event-or-exhibit-powell	/help/services-resources/request-an-event-or-exhibit-at-powell/
/content/caroline-ribakoff-miller	/about/staff/caroline-r-miller
/staff/juan-gallegos	/about/staff/juan-gallegos
/staff/anthony-bautista	/about/staff/anthony-bautista
/staff/martha-steele	/about/staff/martha-steele
/staff/francesca-marineo	/about/staff/francesca-marineo
/destination/garden-commons	/visit/locations/young-research-library
/destination/cafe-451	/visit/locations/young-research-library
/destination/studio	/help/services-resources/studio-a-music-kits
/destination/inqdesk	/visit/locations/powell-library
/destination/graduate-reading-room	/help/services-resources/biomedical-library-graduate-reading-room
/destination/sel-learning-commons	/visit/locations/science-engineering-library/
/destination/biomedical-library-bookable-spaces	/visit/locations/biomed/
/biomed/at-this-location	/visit/locations/biomed/
/destination/reading-room	/visit/locations/young-research-library
/destination/west-classroom	/visit/locations/young-research-library
/destination/research-commons-rc-classroom	/visit/locations/young-research-library
/destination/research-commons	/visit/locations/young-research-library
/destination/clicc-computer-lab	/visit/locations/powell-library/
/clicc/study-rooms	/visit/locations/young-research-library
/destination/east-rotunda	/visit/locations/powell-library
/destination/seminar-room	/visit/locations/music-library/
/destination/rose-gilbert-reading-room	/visit/locations/powell-library
/destination/reading-room-0	/visit/locations/music-library/
/destination/main-reading-room	/visit/locations/powell-library
/destination/classroom	/visit/locations/music-library/
/location/southern-regional-library-facility	/visit/locations/southern-regional-library-facility
/location/film-television-archive-research-study-center	/visit/locations/arsc/
/location/music-library	/visit/locations/music-library/
/location/arts-library	/visit/locations/arts-library/
/location/william-andrews-clark-memorial-library	/locations
/location/ralph-j-bunche-center-african-american-studies-library-media-center	/locations
/location/law-library-hugh-hazel-darling	/locations
/location/informations-studies-lab	/locations
/location/gonda-family-library	/locations
/location/ethnomusicology-archive	/locations
/location/english-reading-room	/locations
/location/chicano-studies-research-center-library	/locations
/location/asian-american-studies-center-libraryreading-room	/locations
/location/american-indian-studies-center-library	/locations
/staff/kimber-thomas	/about/staff/kimber-thomas/
/staff/joanne-powers	/about/staff/joanne-powers
/staff/chen-gao	/about/staff/chen-gao-%E9%AB%98%E6%99%A8
/staff/eugene-hatch	/about/staff/eugene-hatch
/staff/erica-zhang	/about/staff/erica-zhang
/staff/emily-dovan	/about/staff/emily-dovan
/staff/emilee-herrera	/about/staff/emilee-herrera
/staff/elizabeth-s-w-mcaulay	/about/staff/elizabeth-mcaulay
/staff/elizabeth-rodriguez	/about/staff/elizabeth-rodriguez
/staff/elizabeth-hodis	/about/staff/elizabeth-babette-hodis
/staff/elisia-cardona	/about/staff/elisia-cardona/
/staff/edwin-dagdagan	/about/staff/edwin-dagdagan
/staff/edward-kip-hannan	/about/staff/edward-kip-hannan
/staff/douglas-ishimaru	/about/staff/douglas-ishimaru
/staff/douglas-arthur-daniels	/about/staff/doug-daniels
/staff/doris-wang	/about/staff/doris-wang
/staff/diane-mizrachi	/about/staff/diane-mizrachi
/staff/devin-mattlin	/about/staff/devin-mattlin
/staff/devin-fitzgerald	/about/staff/devin-fitzgerald
/staff/dawn-childress	/about/staff/dawn-childress
/staff/david-t-rickard	/about/staff/david-t-rickard
/staff/david-scholl	/about/staff/dave-scholl/
/staff/david-s-poepoe	/about/staff/david-poepoe
/staff/david-lakatta	/about/staff/david-lakatta
/staff/david-benitez	/about/staff/david-benitez
/staff/darren-diaz	/about/staff/darren-diaz
/staff/daniel-o-contreras	/about/staff/daniel-contreras
/staff/dana-s-iwata	/about/staff/dana-iwata
/staff/dana-poss	/about/staff/dana-poss
/staff/dana-peterman	/about/staff/dana-peterman
/staff/dalena-hunter	/about/staff/dalena-hunter
/staff/cynthia-perez-huerta	/about/staff/cynthia-perez-huerta
/staff/courtney-jet-jacobs	/about/staff/courtney-jet-jacobs
/staff/courtney-hoffner	/about/staff/courtney-hoffner/
/staff/courtney-dean	/about/staff/courtney-dean
/staff/courtney-alston	/about/staff/courtney-alston
/staff/consuela-chela-g-metzger	/about/staff/consuela-chela-metzger
/staff/claudia-horning	/about/staff/claudia-horning
/staff/christopher-m-brennan	/about/staff/christopher-brennan
/staff/christine-m-barone	/about/staff/christine-barone
/staff/charlie-h-castro	/about/staff/charlie-h-castro
/staff/carlo-medina	/about/staff/carlo-medina
/staff/calandra-holmes	/about/staff/callie-holmes
/staff/bryce-lowe	/about/staff/bryce-lowe
/staff/brooke-contreras	/about/staff/brooke-contreras
/staff/brigid-abreu	/about/staff/brigid-abreu
/staff/blake-navarrette	/about/staff/blake-navarrette
/staff/beverly-scott	/about/staff/beverly-scott
/staff/ben-alkaly	/about/staff/ben-alkaly
/staff/ayesha-ticzon	/about/staff/ayesha-ticzon/
/staff/ashton-prigge	/about/staff/ashton-prigge/
/staff/araceli-bermudez	/about/staff/araceli-bermudez/
/staff/antonia-osuna-garcia	/about/staff/antonia-osuna-garcia
/staff/antigone-kutay	/about/staff/antigone-kutay
/staff/annie-watanabe-rocco	/about/staff/annie-a-watanabe-rocco
/staff/annette-doss	/about/staff/annette-doss
/staff/anju-mitchell	/about/staff/anju-mitchell
/staff/angela-k-horne	/about/staff/angela-k-horne
/staff/angela-allen	/about/staff/angela-allen
/staff/andrew-wallace	/about/staff/andrew-wallace/
/staff/andrew-perrine	/about/staff/andrew-perrine
/staff/andrew-c-kohler	/about/staff/andrew-c-kohler
/staff/amy-wong	/about/staff/amy-wong
/staff/aminatun-baxley	/about/staff/ami-baxley
/staff/amanda-mack	/about/staff/amanda-mack
/staff/allie-whalen	/about/staff/allie-whalen
/staff/alison-scott	/about/staff/alison-scott
/staff/alicia-amador	/about/staff/alicia-amador/
/staff/alice-nguyen	/about/staff/alice-nguyen
/staff/alice-hunt	/about/staff/alice-hunt
/staff/alexander-mcghee	/about/staff/alexander-mcghee
/staff/alesia-m-haymon	/about/staff/alesia-m-haymon
/staff/alena-aissing	/about/staff/alena-aissing
/staff/kathy-brown	/about/staff/kathy-brown
/staff/kathryn-m-ombao	/about/staff/kathryn-ombao
/staff/katherine-kapsidelis	/about/staff/katherine-kapsidelis/
/staff/kara-molitor	/about/staff/kara-molitor
/staff/junko-tanaka	/about/staff/junko-tanaka-%E7%94%B0%E4%B8%AD%E9%A0%86%E5%AD%90
/staff/julian-j-calero	/about/staff/julian-calero
/staff/joshua-gomez	/about/staff/jgomez/
/staff/joseph-yue	/about/staff/joseph-yue
/staff/joseph-orellana	/about/staff/joseph-orellana
/staff/joseph-g-andrews	/about/staff/joseph-andrews
/staff/joseph-babi	/about/staff/joseph-babi
/staff/jonathan-wilson	/about/staff/jonathan-wilson
/staff/jonathan-fahn	/about/staff/jonathan-fahn
/staff/jon-edmondson	/about/staff/jon-edmondson
/staff/john-robinson	/about/staff/john-robertson
/staff/john-j-riemer	/about/staff/john-riemer
/staff/joanna-hong	/about/staff/joanna-hong
/staff/joanna-flores	/about/staff/joana-flores
/staff/joan-sutton	/about/staff/joan-sutton
/staff/jina-jamie-jamison	/about/staff/jina-jamie-jamison/
/staff/jimmy-zavala	/about/staff/jimmy-zavala
/staff/jillian-borders	/about/staff/jillian-borders
/staff/jessica-s-mentesoglu	/about/staff/jessica-selma-mentesoglu
/staff/jennifer-rhee	/about/staff/jennifer-rhee
/staff/jennifer-osorio	/about/staff/jennifer-osorio/
/staff/jennifer-diamond	/about/staff/jennifer-diamond/
/staff/jennifer-chan	/about/staff/jennifer-chan
/staff/jeffrey-bickel	/about/staff/jeffrey-bickel
/staff/jeannette-tammy-baca-montanez	/about/staff/jeannette-tammy-baca-montanez
/staff/jason-burton	/about/staff/jason-burton
/staff/jasmine-larkin	/about/staff/jasmine-larkin
/staff/jasmine-jones	/about/staff/jasmine-jones
/staff/jane-collings	/about/staff/jane-collings
/staff/jana-falcon	/about/staff/jana-falcon
/staff/james-smith	/about/staff/james-smith
/staff/james-m-anderson	/about/staff/james-m-anderson
/staff/james-j-fiala	/about/staff/josh-fiala
/staff/jaime-gomez	/about/staff/jaime-gomez
/staff/jade-alburo	/about/staff/jade-alburo
/staff/ivette-weyman	/about/staff/ivette-weyman
/staff/iman-dagher	/about/staff/iman-dagher
/staff/ibraheem-ali	/about/staff/ibraheem-ali-phd
/staff/ian-kinzler	/about/staff/ian-a-kinzler
/staff/hui-li	/about/staff/hui-li-%E6%9D%8E%E6%85%A7
/staff/hong-cheng	/about/staff/hong-cheng/
/staff/hermine-e-vermeij	/about/staff/hermine-vermeij
/staff/henry-lim	/about/staff/henry-lim
/staff/hannah-sutherland	/about/staff/hannah-sutherland
/staff/hamed-alipoormiandehi	/about/staff/hamed-alipoormiandehi
/staff/gregory-ramsey	/about/staff/gregory-ramsey
/staff/gissel-rios	/about/staff/gissel-rios
/staff/gillian-bailey	/about/staff/gillian-bailey
/staff/geno-sanchez	/about/staff/geno-sanchez
/staff/genie-guerard	/about/staff/genie-guerard
/staff/gabriela-j-bueno	/about/staff/gabriela-bueno
/staff/gabriel-cardenas	/about/staff/gabe-cardenas
/staff/evan-zeman-manzanetti	/about/staff/evan-manzanetti/
/staff/kj-relth	/about/staff/k-j-relth-miller
/staff/kevin-sean-clarke	/about/staff/kevin-s-clarke/
/staff/kevin-m-balster	/about/staff/kevin-balster
/staff/kelly-besser	/about/staff/kelly-besser
/staff/keith-okamura	/about/staff/keith-okamura
/staff/axa-liauw	/about/staff/axa-liauw/
/staff/parinita-mulak	/about/staff/parinita-mulak/
/staff/renee-romero	/about/staff/renee-romero
/staff/estefani-bowline	/about/staff/estefani-bowline
/staff/christopher-murphy	/about/staff/chris-murphy
/staff/christopher-gilman	/about/staff/christopher-gilman
/staff/may-hong-haduong	/about/staff/may-hong-haduong
/staff/anthony-vuong	/about/staff/anthony-vuong
/staff/dianne-weinthal	/about/staff/dianne-weinthal/
/staff/emoon-mar	/about/staff/emoon-mar/
/staff/jw-clark	/about/staff/jw-clark
/staff/brian-belak	/about/staff/brian-belak
/staff/lauren-roxanne-brown	/about/staff/lauren-roxanne-brown
/staff/cathy-akers	/about/staff/cathy-akers
/staff/sohaib-baig	/about/staff/sohaib-baig
/staff/brice-smither	/about/staff/brice-smither
/staff/megan-richardson	/about/staff/megan-richardson
/staff/zoe-borovsky	/about/staff/zoe-borovsky
/staff/yun-hee-lee	/about/staff/yun-hee-lee-%EC%9D%B4%EC%9C%A4%ED%9D%AC
/staff/yasmin-dessem	/about/staff/yasmin-dessem
/staff/william-hackenberg	/about/staff/william-hackenberg
/staff/wil-william-lin	/about/staff/wil-lin
/staff/wallace-meek	/about/staff/wallace-meek
/staff/virginia-steel	/about/staff/virginia-steel
/staff/victoria-puente	/about/staff/tori-puente
/staff/valeria-hernandez	/about/staff/valeria-hernandez
/staff/tula-orum	/about/staff/tula-orum
/staff/tom-d-rosholt	/about/staff/tom-rosholt/
/staff/todd-wiener	/about/staff/todd-wiener
/staff/todd-c-grappone	/about/staff/todd-c-grappone
/staff/tin-tran	/about/staff/tin-tran
/staff/tim-wilson	/about/staff/tim-wilson
/staff/tim-dennis	/about/staff/tim-dennis/
/staff/tiffany-may	/about/staff/tiffany-may
/staff/teresa-l-barnett	/about/staff/teresa-l-barnett
/staff/t-kay-sangwand	/about/staff/t-kay-sangwand
/staff/sylvia-page	/about/staff/sylvia-page/
/staff/suzy-lee	/about/staff/suzy-lee/
/staff/su-chen	/about/staff/su-chen-%E9%99%B3%E8%82%85
/staff/steven-hill	/about/staff/steven-hill
/staff/stephen-e-gurnick	/about/staff/stephen-e-gurnick
/staff/stephanie-kimura	/about/staff/stephanie-kimura
/staff/stacy-mckenna	/about/staff/stacy-mckenna
/staff/staci-hogsett	/about/staff/staci-hogsett
/staff/simon-v-elliott	/about/staff/simon-v-elliott
/staff/simon-lee	/about/staff/simon-lee
/staff/shira-peltzman	/about/staff/shira-peltzman
/staff/sherry-wickware	/about/staff/sherry-wickware
/staff/sharon-m-shafer	/about/staff/sharon-shafer
/staff/sharon-farb	/about/staff/sharon-farb/
/staff/sharon-b-benamou	/about/staff/sharon-benamou
/staff/shannon-tanhayi-ahari	/about/staff/shannon-tanhayi-ahari
/staff/science-libraries-team	/about/staff/sciences-libraries-team
/staff/savannah-dawson	/about/staff/savannah-dawson/
/staff/sara-buchting	/about/staff/sara-buchting
/staff/sanghun-cho	/about/staff/sanghun-cho-%EC%A1%B0%EC%83%81%ED%9B%88/
/staff/sandy-ma	/about/staff/sandy-ma
/staff/sandra-farfan-gracia	/about/staff/sandra-farfan-gracia
/staff/salma-abumeeiz	/about/staff/salma-abumeeiz
/staff/salik-sultan	/about/staff/salik-sultan
/staff/ryan-chandler	/about/staff/ryan-chandler
/staff/russell-johnson	/about/staff/russell-johnson
/staff/ruby-bell-gam	/about/staff/ruby-a-bell-gam
/staff/rose-miranda	/about/staff/rose-miranda
/staff/rosa-m-barker	/about/staff/rosa-barker/
/staff/robert-gore	/about/staff/robert-gore
/staff/rhonda-super	/about/staff/rhonda-super
/staff/rene-okamura	/about/staff/rene-okamura
/staff/raquel-rivero	/about/staff/raquel-rivero
/staff/randy-yantek	/about/staff/randy-yantek
/staff/rachel-deblinger	/about/staff/rachel-deblinger/
/staff/phyllis-blackshear	/about/staff/phyllis-blackshear
/staff/peter-v-fletcher	/about/staff/peter-fletcher
/staff/paul-priebe	/about/staff/paul-priebe
/staff/paul-malcolm	/about/staff/paul-malcolm
/staff/patricia-cramer	/about/staff/pat-cramer
/staff/paromita-biswas	/about/staff/paromita-biswas
/staff/pardis-rahimi	/about/staff/pardis-rahimi
/staff/nora-lilit-avetyan	/about/staff/nora-avetyan
/staff/nelson-o-velasquez	/about/staff/nelson-velasquez
/staff/neil-hodge	/about/staff/neil-m-hodge
/staff/monica-j-hagan	/about/staff/monica-j-hagan
/staff/monalisa-ruiz	/about/staff/monalisa-ruiz
/staff/molly-hemphill	/about/staff/molly-hemphill
/staff/molly-haigh	/about/staff/molly-haigh
/staff/miki-shannon	/about/staff/miki-shannon
/staff/miki-goral	/about/staff/miki-goral
/staff/michelle-brasseur	/about/staff/michelle-brasseur
/staff/michael-r-oppenheim	/about/staff/michael-r-oppenheim
/staff/michael-pazmino	/about/staff/michael-pazmino
/staff/michael-kelley	/about/staff/michael-kelley
/staff/melina-duenas-perez	/about/staff/melina-due%C3%B1as-perez
/staff/megan-rosenbloom	/about/staff/megan-rosenbloom/
/staff/maya-montanez-smukler-0	/about/staff/maya-monta%C3%B1ez-smukler
/staff/maxwell-zupke	/about/staff/maxwell-zupke
/staff/matthew-vest	/about/staff/matthew-vest
/staff/matthew-smith	/about/staff/matthew-smith
/staff/matthew-johnson	/about/staff/matthew-weirick-johnson
/staff/matthew-hewitt	/about/staff/matthew-hewitt
/staff/mary-alfaro	/about/staff/mary-alfaro
/staff/martin-j-brennan	/about/staff/martin-brennan
/staff/mark-quigley	/about/staff/mark-quigley
/staff/mark-matney	/about/staff/mark-matney
/staff/marissa-kings	/about/staff/marissa-kings-garwig
/staff/marisa-soto	/about/staff/marisa-soto
/staff/maria-jankowska	/about/staff/maria-a-jankowska
/staff/marco-tamase	/about/staff/marco-tamase
/staff/lygia-bagdanovich	/about/staff/lygia-bagdanovich
/staff/lizeth-ramirez	/about/staff/lizeth-ramirez
/staff/lisa-monhoff	/about/staff/lisa-monhoff
/staff/lisa-fuguet	/about/staff/lisa-fuguet
/staff/lilia-sandoval	/about/staff/lilia-sandoval/
/staff/leo-gonzalez	/about/staff/leo-gonzalez
/staff/leigh-phan	/about/staff/leigh-phan
/staff/lauren-poleski-schultz	/about/staff/lauren-poleski-schultz
/staff/laura-e-danielson	/about/staff/laura-danielson
/staff/lars-r-schumacher	/about/staff/lars-r-schumacher
/staff/kristin-e-russo	/about/staff/kristin-russo
/staff/Abdur-Mahmood	/about/staff/abdur-mahmood
/location/biomedical-library-louise-m-darling	/visit/locations/science-engineering-library/
/sel	/visit/locations/science-engineering-library/
/research-teaching-support/support-instructors	/help/teaching
/staff/eileen-keegan	/about/staff/eileen-keegan
/location/library-special-collections/about/contact-information	/help/services-resources/library-special-collections-contact-information-for-reference-instruction-and-donations
/location/library-special-collections	/visit/locations/library-special-collections/
/staff/jeremy-whitt	/about/staff/jeremy-whitt
/use/access-privileges/disability-resources	/help/services-resources/accessibility-resources
/destination/lux-lab-powell	/visit/locations/powell-library/
/destination/scholarly-innovation-lab-sil	/visit/locations/young-research-library/
/destination/inqdrop	/visit/locations/powell-library/
/staff/ariane-bicho	/about/staff/ariane-bicho
/location/east-asian-library-richard-c-rudolph/chinese-studies/chinese-e-resources	/visit/locations/east-asian-library
/staff/ashleigh-darby	/about/staff/ashleigh-darby
/location/management-library-eugene-maxine-rosenfeld	/visit/locations/management-library-eugene-maxine-rosenfeld
/use/access-privileges/visit-ucla-library/services-general-public	/help/services-resources/services-for-the-general-public
/use/borrow-renew-return/renewing-and-returning-items	/help/services-resources/borrow-renew-return
/use/borrow-renew-return/fees-fines	https://craft.library.ucla.edu/fees-and-fines-for-borrowed-materials
/use/access-privileges/library-payments-online	/help/services-resources/paying-for-fines-and-fees
/clicc/clicc-equipment-lending	/help/services-resources/equipment-lending
/clicc/lux-lab	/help/services-resources/yrl-lux-lab
/clicc/clicc-virtual-desktop	/help/services-resources/virtual-desktop
/support/publishing-data-management/scholarly-communication-resources-education/open-access	/help/services-resources/open-access-publishing
/clicc/clicc-classrooms	/help/services-resources/clicc-classrooms
/use/borrow-renew-return/interlibrary-loan-document-delivery/interlibrary-loan-ill/information-borrowing-institutions	/help/services-resources/interlibrary-loan-contact-information
/use/borrow-renew-return/interlibrary-loan-document-delivery/interlibrary-loan-ill	/help/services-resources/interlibrary-loan-ill
/use/borrow-renew-return/interlibrary-loan-document-delivery/interlibrary-loan-ill/contact-information	/help/services-resources/interlibrary-loan-contact-information
/datasquad	/visit/locations/data-science-center&x-craft-preview=Oo8hps00EJ
/location/data-science-center/partners	/help/services-resources/data-science-center-partners
/support/publishing-data-management/scholarly-communication-resources-education/ucla-library-copyright-policy/policy-regarding-unpublished-materials	/about/policies/policy-regarding-unpublished-materials
/location/powell-library/collections	/powell-community-collections
/location/library-special-collections/research-instruction/access-special-collections-reading-room	/about/policies/lsc-reading-room-policies-and-procedures
/location/library-special-collections/research-instruction/access-digital-materials	/about/policies/access-to-lsc-digital-materials
/location/library-special-collections/what-we-collect/dance	/about/policies/lsc-collection-development-policies-dance
/location/library-special-collections/what-we-collect/performing-arts-music-film-television-theater	/about/policies/lsc-collection-development-policies-performing-arts
/location/library-special-collections/what-we-collect/medieval-renaissance-manuscripts	/about/policies/lsc-collection-development-policies-medieval-renaissance-manuscripts
/location/library-special-collections/what-we-collect/punk-music-culture	/about/policies/lsc-collection-development-policies-punk
/location/library-special-collections/destination/center-oral-history-research	/help/services-resources/center-for-oral-history-research
/location/library-special-collections/destination/center-oral-history-research	/about/programs/center-for-oral-history-research
/support/publishing-data-management/scholarly-communication-resources-education/rights-toolkit	/help/services-resources/rights-toolkit/
/about/policies/appropriate-use-of-licensed-electronic-resources	https://www.whitehouse.gov/ostp/news-updates/2022/08/25/ostp-issues-guidance-to
/location/library-special-collections/research-instruction/requesting-duplication-lsc-materials	/about/policies/lsc-duplication-and-copyright-policies
/about-ucla-library/want-give-us-feedback	https://ucla.libwizard.com/f/giveusfeedback
/support/publishing-data-management/information-authors/uc-open-access-policy	/about/policies/uc-open-access-policies
/location/library-special-collections/discover-collections/content-advisory-policy	/about/policies/lsc-content-advisory-policy
/location/library-special-collections/discover-collections/access-unprocessed-collections-policy	/about/policies/access-to-unprocessed-lsc-collections-policy
/location/library-special-collections/what-we-collect/university-archives-history-ucla	/about/policies/lsc-collections-development-policies-university-archives
/location/library-special-collections/what-we-collect/history-medicine-sciences	/about/policies/lsc-collection-development-policies-history-medicine-sciences
/dsc	/visit/locations/data-science-center/
/support/publishing-data-management/scholarly-communication-resources-education/ucla-library-copyright-policies	/about/policies/ucla-library-copyright-policies
/support/publishing-data-management/scholarly-communication-resources-education/ucla-library-copyright-policy/uc-systemwide-copyright-policies	/about/policies/uc-and-ucla-copyright-information
/location/library-special-collections/what-we-collect/twentieth-twenty-first-century-literature	/about/policies/lsc-collection-development-policies-twentieth-twenty-first-century-literature
/use/access-privileges/conduct-ucla-libraries	/about/policies/conduct-in-the-ucla-libraries
/use/access-privileges/conduct-ucla-libraries/acceptable-use-policy	/about/policies/acceptable-use-policy-for-library-public-computers
/use/access-privileges/conduct-ucla-libraries/user-rights-responsibilities	/about/policies/user-rights-and-responsibilities
/support/publishing-data-management/scholarly-communication-resources-education/ucla-library-copyright-policy/policy-regarding-mediated-copying	/about/policies/policy-regarding-mediated-copying
/destination/library-conference-spaces	/help/services-resources/library-conference-spaces
/location/library-special-collections/what-we-collect/visual-arts	/about/policies/lsc-collection-development-policies-visual-arts
/location/library-special-collections/what-we-collect/world-histories-cultures	/about/policies/lsc-collections-development-policies-world-histories-cultures
/location/library-special-collections/location/university-archives	/about/programs/university-archives
https://docs.library.ucla.edu/display/WCE/Featured+Collections%3A+Barbados+Ephemera+Collection	https://meap.library.ucla.edu/projects/barbadian-voices
/location/music-library/collections	/collections/music-library-collections
/staff/nicholas-carlozzi	/about/staff/nicholas-carlozzi
/destination/rotunda	/visit/locations/powell-library
/research-teaching-support/support-students/showcasing-student-achievement/library-prize-undergraduate-research	/about/programs/library-prize-for-undergraduate-research/
/location/east-asian-library-richard-c-rudolph/collections	/east-asian-library-collections
/location/library-special-collections/destination/history-medicine-sciences	/history-of-medicine-and-the-sciences-collection
/location/music-library/hugo-christine-davise-fund-contemporary-music	/about/programs/hugo-and-christine-davise-fund-for-contemporary-music
/about/about-collections/open-scholarship-collections-policy/affordable-course-materials-initiative	/about/programs/affordable-course-materials-initiative-acmi
/destination/inqlab3	/visit/locations/powell-library
/staff/allison-r-benedetti	/about/staff/allison-benedetti
/location/east-asian	/visit/locations/east-asian-library/
/location/library-special-collections/destination/university-archives	/about/programs/university-archives/
/clicc	/about/programs/campus-library-instructional-computing-commons-clicc/
/about/jobs-ucla-library	/jobs
/about/jobs-ucla-library/student-jobs	/jobs/about-student-jobs
https://docs.library.ucla.edu/display/WCE/Featured+Collection%3A+L.A.+Rebellion	/collections/l-a-rebellion-collection/
https://docs.library.ucla.edu/display/WCE/Featured+Collections%3A+Get+Used+to+It	/collections/get-used-to-it/
/location/library-special-collections/discover-collections/toward-ethical-inclusive-descriptive-practices-ucla-library-special-collections/report-potentially-offensive-content-description-library-special-collections	/about/policies/report-potentially-offensive-content-and-description-in-library-special-collections
/staff/diana-l-king	/about/staff/diana-king
https://docs.library.ucla.edu/display/WCE/Featured+Collection%3A+Caro+Minasian+Collection+of+Armenian+Material	/collections/caro-minasian-collection-of-armenian-material-circa-1600-1968/
https://docs.library.ucla.edu/display/WCE/Featured+Collection%3A+Sleepy+Lagoon+Defense+Committee+Records	/collections/sleepy-lagoon-defense-committee-records-1942-1945/
https://docs.library.ucla.edu/display/WCE/Featured+Collection%3A+Patent+Medicine+Trade+Cards	/collections/patent-medicine-trade-cards/
https://docs.library.ucla.edu/display/WCE/Featured+Collection%3A+Kango+Takamura+Paintings	/collections/takamura-kango-paintings-1942-1945/
https://docs.library.ucla.edu/display/WCE/Featured+Collection%3A+Golden+State+Mutual+Life+Insurance+Company+Records	/collections/golden-state-mutual-life-insurance-company-records/
https://docs.library.ucla.edu/display/WCE/Featured+Collection%3A+Miriam+Matthews+Photograph+Collection	/collections/miriam-matthews-photograph-collection/
https://docs.library.ucla.edu/display/WCE/Featured+Collection%3A+Neutra+%28Richard+and+Dion%29+Papers	/collections/neutra-richard-and-dion-papers/
https://docs.library.ucla.edu/display/WCE/Featured+Collection%3A+Contemporary+Music+Score+Collection	/collections/neutra-richard-and-dion-papers/
/location/library-special-collections/discover-collections/toward-ethical-inclusive-descriptive-practices-ucla-library-special-collections	/about/policies/toward-ethical-and-inclusive-descriptive-practices-in-ucla-library-special-collections
/location/library-special-collections/discover-collections/metadata-rights-statement	/about/policies/lsc-metadata-rights-statement
/location/library-special-collections/location/center-primary-research-training-cfprt	/about/programs/center-for-primary-research-and-training-cfprt
https://docs.library.ucla.edu/display/WCE/Featured+Collections%3A+Ramakatane	https://meap.library.ucla.edu/projects/the-photographer-who-woke-up-from-the-dead/
/location/powell-library	/visit/locations/powell-library/
/location/library-special-collections/what-we-collect	/about/policies/library-special-collections-principles-for-collecting-material
/staff/ashley-peterson	/about/staff/ashley-peterson
/staff/judith-c-consales	/about/staff/judith-c-consales
/staff/kristian-allen	/about/staff/kristian-allen
/staff/edson-smith	/about/staff/edson-smith
/staff/zhiyuan-yao-spatial-data-science	/about/staff/zhiyuan-yao
/about/giving-library/honor-books	/honor-with-books
/about/giving-library/library-associates	/powell-society
/powell/cluster-program-support	/help/services-resources/cluster-program-support
/research-teaching-support/research-help/attend-virtual-research-workshop	/help/services-resources/research-workshops
/about/giving-library/ways-give	/give/ways-to-give/
/about	/about-2/
/about-ucla-library/about-collections/ucla-library-digital-collections	/about/programs/digital-library-program/
/use/access-privileges/borrower-responsibilities	/about/policies/borrower-responsibilities
/support/publishing-data-management/scholarly-communication-resources-education/ucla-library-copyright-policy/making-copies-copyrighted-materials-ucla-library-collections	/about/policies/making-copies-of-copyrighted-materials-for-ucla-library-collections
/support/publishing-data-management/scholarly-communication-resources-education/ucla-library-copyright-policy/ucla-library-copyright-policy-library-reserves	/about/policies/ucla-library-copyright-policy-on-in-library-reserves
/support/publishing-data-management/scholarly-communication-resources-education/ucla-library-copyright-policy/interlibrary-loan-operations	/about/policies/interlibrary-loan-operations
/content/contact-us	/help/services-resources/scholarly-communication-services
/staff/alexandra-solodkaya	/about/staff/alexandra-solodkaya
/use/access-privileges/privacy-policy	/about/policies/privacy-policy
/destination/sel-research-commons	/help/services-resources/stem-collaborative-learning-center
/location/research-library-charles-e-young	/visit/locations/research-library
/about/giving-library/collection-endowment-initiative	/give/collections-endowments-initiative
/about-ucla-library/giving-library	/give/
/location/library-special-collections/discover-collections/online-collections	/help/services-resources/los-angeles-aqueduct-digital-platform
/content/request-purchase	/help/services-resources/request-a-purchase
/wire	/help/services-resources/writing-instruction-research-education-wi-re/
/sel/key-resources/research-guides-subject	/visit/locations/science-engineering-library/
/sel/key-resources	/visit/locations/science-engineering-library/
/sel/grey-literature	/visit/locations/science-engineering-library/
/location/library-special-collections/programs-projects/digital-projects-special-collections	/help/services-resources/digital-projects-for-special-collections
/borrow-renew-return/course-reserves/information-students	/help/services-resources/course-reserves/
/location/library-special-collections/about/borrowing-special-collections-items-exhibition	/help/services-resources/borrowing-special-collections-items-for-exhibition
/borrow-renew-return	/help/services-resources/borrow-renew-return
/use/access-privileges/print-copy-scan	/help/services-resources/print-copy-scan
/support/copyright-data-publishing/scholarly-communication-services	/help/services-resources/scholarly-communication-services
/use/borrow-renew-return/interlibrary-loan-document-delivery/document-delivery	/help/services-resources/document-delivery
/support/research-help/hire-researcher	/help/services-resources/hire-a-researcher
/about/collections/collection-development-initiatives/licensing	/about/policies/digital-acquisitions-licensing
/about/collections/collection-development-initiatives/e-book-value-statement	/about/policies/e-book-value-statement
/location/social-science-data-archive/data-services	/help/services-resources/research-data-services/
/about/administration-organization/strategic-directions-2021	/about-2/strategic-directions
/use/borrow-renew-return/shares-program	/help/services-resources/shares-program
/audiovisual-media-playback-equipment	/help/services-resources/audiovisual-media-playback-equipment
/use/access-privileges/print-copy-scan/map-reproduction	/help/services-resources/map-reproduction
/location/library-special-collections/discover-collections/research-guides	https://guides.library.ucla.edu/library-special-collections
/location/library-special-collections/about/research-fellowships-2022	/about/programs/library-special-collections-lsc-research-fellowships-2023
/location/library-special-collections/about/research-fellowships-2021/past-research-fellows-ucla-library-special-collections	/about/programs/library-special-collections-lsc-research-fellowships-2023/
/location/library-special-collections/about/research-fellowships-2022	/about/programs/library-special-collections-lsc-research-fellowships-2023/
/location/library-special-collections/discover-collections	/visit/locations/library-special-collections/
/location/library-special-collections/discover-collections/lsc-punk-archive	/library-special-collections-punk-archive
/about/about-collections/open-scholarship-collections-policy	/about/policies/open-scholarship-and-collections-strategy
/about/collections/collection-development-initiatives/principles-data-acquisition	/about/policies/principles-of-data-acquisition
/location/arts-library/collections	/arts-library-collection
/support/support-students/showcasing-student-achievement/library-prize-undergraduate-research/application-procedures	/about/policies/library-prize-for-undergraduate-research-application-procedures/
/support/support-students/showcasing-student-achievement/library-prize-undergraduate-research/eligibility	/about/policies/library-prize-for-undergraduate-research-application-procedures/
/support/copyright-data-publishing	/help/copyright-data-publishing/
/support/support-students/showcasing-student-achievement/library-prize-undergraduate-research	/about/programs/library-prize-for-undergraduate-research
/openucla/openucla-affordable-course-materials-initiative-award	/about/programs/affordable-course-materials-initiative-acmi
# LIBGUIDES
https://www.library.ucla.edu/clicc/study-rooms-collaboration-pods	https://calendar.library.ucla.edu/r/?_ga=2.216054357.217153963.1675357688-1491196333.1675357688																								
https://www.library.ucla.edu/node/848	https://calendar.library.ucla.edu/r/?_ga=2.71291159.645400694.1675641203-161137075.1627793085																								
https://www.library.ucla.edu/clark	https://clarklibrary.ucla.edu/?_ga=2.115221890.468074061.1675057809-161137075.1627793085																								
https://www.library.ucla.edu/support/publishing-data-management/scholarly-communication-services/copyright-classroom	https://copyright.universityofcalifornia.edu/use/teaching.html																								
https://www.library.ucla.edu/social-science-data-archive	https://dataverse.harvard.edu/dataverse/ssda_ucla																								
https://www.library.ucla.edu/clicc/software	https://docs.library.ucla.edu/display/LITKB/CLICC+Software+List																								
https://www.library.ucla.edu/libraries/eastasian/chinese-e-resources	https://guides.library.ucla.edu/chinese?_ga=2.57032879.468074061.1675057809-161137075.1627793085																								
https://www.library.ucla.edu/libraries/eastasian/japanese-studies-online-resources	https://guides.library.ucla.edu/japanese?_ga=2.148737714.468074061.1675057809-161137075.1627793085																								
https://www.library.ucla.edu/libraries/eastasian/korean-studies-e-resouces	https://guides.library.ucla.edu/korean?_ga=2.152904252.468074061.1675057809-161137075.1627793085																								
https://www.library.ucla.edu/location/library-special-collections/frequently-asked-questions-faq	https://guides.library.ucla.edu/library-special-collections/faq?_ga=2.102111494.645400694.1675641203-161137075.1627793085																								
https://www.library.ucla.edu/partnerships/modern-endangered-archives-program	https://meap.library.ucla.edu/																								
https://www.library.ucla.edu/community-commerce-oral-histories-african-american-businesses-los-angeles	https://sites.google.com/view/ucla-library-blackbusinesses/home?pli=1																								
https://www.library.ucla.edu/location/data-science-center/lariac	https://storymaps.arcgis.com/stories/d200175d87ca4294bfc9cb32407d311d																								
https://www.library.ucla.edu	/																								
https://www.library.ucla.edu/support/support-students/welcome-ucla-library	/																								
https://www.library.ucla.edu/news-events	/about/news 																								
https://www.library.ucla.edu/support/publishing-data-management/scholarly-communication-resources-education/ucla-library-copyright-policies/appropriate-use-licensed-electronic-resources	/about/policies/appropriate-use-of-licensed-electronic-resources																								
https://www.library.ucla.edu/special-collections/plan-visit/reading-room-access-born-digital-collections	/about/policies/lsc-reading-room-policies-and-procedures																								
https://www.library.ucla.edu/special-collections/plan-visit/requesting-materials	/about/policies/lsc-reading-room-policies-and-procedures																								
https://www.library.ucla.edu/service/open-access-policy	/about/policies/uc-open-access-policies																								
https://www.library.ucla.edu/support/copyright-data-publishing/scholarly-communication-services/university-california-publication-management-system	/about/policies/uc-open-access-policies																								
https://www.library.ucla.edu/service/resources-copyright-publishing-intellectual-property	/about/policies/ucla-library-copyright-policies																								
https://www.library.ucla.edu/support/publishing-data-management/scholarly-communication-resources-education/ucla-library-copyright-policy/ucla-copyright-policies	/about/policies/ucla-library-copyright-policies																								
https://www.library.ucla.edu/clicc?page=Software+List	/about/programs/campus-library-instructional-computing-commons-clicc																								
https://www.library.ucla.edu/clicc?page=Software+Shortcut	/about/programs/campus-library-instructional-computing-commons-clicc																								
https://www.library.ucla.edu/special-collections/at-this-location/center-primary-research-training-cfprt	/about/programs/center-for-primary-research-and-training-cfprt																								
https://www.library.ucla.edu/support/support-students/showcasing-student-achievement/library-prize-undergraduate-research/application-procedure/past-prize-winners	/about/programs/library-prize-for-undergraduate-research																								
https://www.library.ucla.edu/libraries/librarians.cfm	/about/staff																								
https://www.library.ucla.edu/staff/renee-romana-romero	/about/staff/renee-romero																								
https://www.library.ucla.edu/staff/shelby-hallman	/about/staff/shelby-hallman																								
https://www.library.ucla.edu/staff/tomoko-bialock	/about/staff/tomoko-bialock																								
https://www.library.ucla.edu/about/student-positions	/about/student-opportunities																								
https://www.library.ucla.edu/about/about-collections	/collections																								
https://www.library.ucla.edu/search	/collections/access																								
https://www.library.ucla.edu/search/13919.cfm	/collections/access																								
https://www.library.ucla.edu/search/1450.cfm	/collections/access																								
https://www.library.ucla.edu/search/669.cfm?su=37	/collections/access																								
https://www.library.ucla.edu/search/765.cfm?su=77	/collections/access																								
https://www.library.ucla.edu/search/eresources.cfm	/collections/access																								
https://www.library.ucla.edu/search/journals	/collections/access																								
https://www.library.ucla.edu/search/search-find	/collections/access																								
https://www.library.ucla.edu/music/collections/contemporary-music-score-collection	/collections/explore/contemporary-music-score-collection																								
https://www.library.ucla.edu/location/library-special-collections/about/giving-special-collections	/give																								
https://www.library.ucla.edu/node/748	/give																								
https://www.library.ucla.edu/bookplates/marcie-rothman-endowment-food-studies	/give/endowments/marcie-rothman-endowment-for-food-studies																								
https://www.library.ucla.edu/bookplates/friends-ucla-armenian-language-culture-studies-collection-endowment	/give/endowments/the-friends-of-ucla-armenian-language-culture-studies-collection-endowment																								
https://www.library.ucla.edu/location/library-special-collections/research-instruction/requesting-lsc-archival-materials-described-online-archive-california	/help/lsc-materials																								
https://www.library.ucla.edu/node/799	/help/research-help																								
https://www.library.ucla.edu/research-teaching-support/research-help	/help/research-help																								
https://www.library.ucla.edu/support/research-help	/help/research-help																								
https://www.library.ucla.edu/support/research-help/drop-and-scheduled-research-assistance/arts-library	/help/research-help																								
https://www.library.ucla.edu/support/research-help/drop-and-scheduled-research-assistance/library-special-collections	/help/research-help																								
https://www.library.ucla.edu/support/research-help/drop-and-scheduled-research-assistance/science-and-engineering-library	/help/research-help																								
https://www.library.ucla.edu/support/research-help/drop-scheduled-research-assistance	/help/research-help																								
https://www.library.ucla.edu/support/research-help/scheduled-research-assistance	/help/research-help																								
https://www.library.ucla.edu/support/research-help/start-your-own-research-guide-or-tutorial	/help/research-help																								
https://www.library.ucla.edu/contact	/help/services-resources/ask-us																								
https://www.library.ucla.edu/get-help	/help/services-resources/ask-us																								
https://www.library.ucla.edu/libraries/biomed/contact-biomedical-library	/help/services-resources/ask-us																								
https://www.library.ucla.edu/questions	/help/services-resources/ask-us																								
https://www.library.ucla.edu/use/borrow-renew-return/items-not-shelf-or-checked-out/recall-checked-out-item	/help/services-resources/borrow-renew-return																								
https://www.library.ucla.edu/use/borrow-renew-return/loan-periods	/help/services-resources/borrow-renew-return																								
https://www.library.ucla.edu/computers-computing-services/connect-campus	/help/services-resources/connecting-from-off-campus																								
https://www.library.ucla.edu/connect	/help/services-resources/connecting-from-off-campus																								
https://www.library.ucla.edu/node/674	/help/services-resources/connecting-from-off-campus																								
https://www.library.ucla.edu/service/campus-access	/help/services-resources/connecting-from-off-campus																								
https://www.library.ucla.edu/sites/default/files/Off%20Campus%20Access%20to%20Online%20Resources.pdf	/help/services-resources/connecting-from-off-campus																								
https://www.library.ucla.edu/support/publishing-data-management/scholarly-communication-services/data-management-curation-services	/help/services-resources/data-services																								
https://www.library.ucla.edu/use/borrow-renew-return/interlibrary-loan-document-delivery	/help/services-resources/document-delivery																								
https://www.library.ucla.edu/use/borrow-renew-return/interlibrary-loan-document-delivery/document-delivery/ucla-users	/help/services-resources/document-delivery																								
https://www.library.ucla.edu/use/borrow-renew-return/interlibrary-loan-document-delivery/information-borrowing-institutions	/help/services-resources/document-delivery																								
https://www.library.ucla.edu/destination/library-conference-spaces/main-conference-room	/help/services-resources/library-conference-spaces																								
https://www.library.ucla.edu/support/support-instructors/teaching-consultations-assignment-design	/help/services-resources/library-instruction/																								
https://www.library.ucla.edu/borrow-renew-return/course-reserves/faculty-reserves	/help/services-resources/managing-course-reserves																								
https://www.library.ucla.edu/use/borrow-renew-return/course-reserves/faculty-reserves	/help/services-resources/managing-course-reserves																								
https://www.library.ucla.edu/srlf/how-request-items-stored-srlf	/help/services-resources/requesting-items-stored-in-the-srlf																								
https://www.library.ucla.edu/destination/drop-research-help	/help/services-resources/research-consultations																								
https://www.library.ucla.edu/node/810	/help/services-resources/research-workshops																								
https://www.library.ucla.edu/research-teaching-support/research-help/attend-online-research-workshop	/help/services-resources/research-workshops																								
https://www.library.ucla.edu/support/research-help/attend-research-workshop	/help/services-resources/research-workshops																								
https://www.library.ucla.edu/support/research-help/attend-virtual-research-workshop	/help/services-resources/research-workshops																								
https://www.library.ucla.edu/research-teaching-support/research-help/attend-research-workshop	/help/services-resources/research-workshops/																								
https://www.library.ucla.edu/about/collections/suggest-purchase	/help/services-resources/suggest-a-purchase																								
https://www.library.ucla.edu/special-collections/plan-visit/holding-seminars-library-special-collections#seminars	/help/services-resources/teaching-with-library-special-collections																								
https://www.library.ucla.edu/use/computers-computing-services/desktop-computers	/help/services-resources/virtual-desktop																								
https://www.library.ucla.edu/research-teaching-support/research-help/start-your-own-research-guide-or-tutorial	/help/services-resources/writing-research-tutorials																								
https://www.library.ucla.edu/use/access-privileges/study-learning-spaces	/help/using-the-library																								
https://www.library.ucla.edu/impact	/impact/all																								
https://www.library.ucla.edu/events	/visit/events-exhibitions																								
https://www.library.ucla.edu/news-events/events-agenda?page=1	/visit/events-exhibitions																								
https://www.library.ucla.edu/about/collections/other-campus-collections	/visit/locations																								
https://www.library.ucla.edu/hours	/visit/locations																								
https://www.library.ucla.edu/lauc-la-affiliate-libraries-centers	/visit/locations																								
https://www.library.ucla.edu/locations	/visit/locations																								
https://www.library.ucla.edu/libraries/Arts/9824.cfm	/visit/locations/arts-library																								
https://www.library.ucla.edu/libraries/arts/film-television-theater	/visit/locations/arts-library																								
https://www.library.ucla.edu/biomed	/visit/locations/biomed																								
https://www.library.ucla.edu/biomed/about/visiting-biomedical-library	/visit/locations/biomed																								
https://www.library.ucla.edu/location/data-science-center	/visit/locations/data-science-center																								
https://www.library.ucla.edu/location/social-science-data-archive	/visit/locations/data-science-center																								
https://www.library.ucla.edu/eastasian	/visit/locations/east-asian-library																								
https://www.library.ucla.edu/libraries/eastasian/6564.cfm	/visit/locations/east-asian-library																								
https://www.library.ucla.edu/libraries/eastasian/ealj007.mht	/visit/locations/east-asian-library																								
https://www.library.ucla.edu/libraries/eastasian/east-asian-library-richard-c-rudolph	/visit/locations/east-asian-library																								
https://www.library.ucla.edu/libraries/eastasian/index.cfm	/visit/locations/east-asian-library																								
https://www.library.ucla.edu/location/east-asian-library-richard-c-rudolph	/visit/locations/east-asian-library																								
https://www.library.ucla.edu/node/953	/visit/locations/east-asian-library																								
https://www.library.ucla.edu/destination/library-special-collections-research-library	/visit/locations/library-special-collections																								
https://www.library.ucla.edu/location/library-special-collections/about	/visit/locations/library-special-collections																								
https://www.library.ucla.edu/location/library-special-collections/discover-collections/elmer-belt-library-vinciana	/visit/locations/library-special-collections																								
https://www.library.ucla.edu/location/library-special-collections/discover-collections/james-o-page-collection	/visit/locations/library-special-collections																								
https://www.library.ucla.edu/location/library-special-collections/discover-collections/online-exhibits/letter-renaissance-double-soul-ariel-soul%C3%A9simon-toparovsky	/visit/locations/library-special-collections																								
https://www.library.ucla.edu/location/library-special-collections/plan-visit	/visit/locations/library-special-collections																								
https://www.library.ucla.edu/node/534	/visit/locations/library-special-collections																								
https://www.library.ucla.edu/special-collections/discover-collections/online-exhibits/bloodletting-exhibit	/visit/locations/library-special-collections																								
https://www.library.ucla.edu/special-collections/medicine-sciences-biomedical-library/baby-books-collection	/visit/locations/library-special-collections																								
https://www.library.ucla.edu/special-collections/plan-visit	/visit/locations/library-special-collections																								
https://www.library.ucla.edu/special-collections/plan-visit/directions-parking	/visit/locations/library-special-collections																								
https://www.library.ucla.edu/about/music-library-hours	/visit/locations/music-library																								
https://www.library.ucla.edu/libraries/music	/visit/locations/music-library																								
https://www.library.ucla.edu/libraries/music/9704.cfm	/visit/locations/music-library																								
https://www.library.ucla.edu/node/384	/visit/locations/research-library																								
https://www.library.ucla.edu/yrl/about	/visit/locations/research-library																								
https://www.library.ucla.edu/libraries/sel/10320.cfm	/visit/locations/science-engineering-library																								
https://www.library.ucla.edu/libraries/sel/12510.cfm	/visit/locations/science-engineering-library																								
https://www.library.ucla.edu/sel-ems	/visit/locations/science-engineering-library																								
https://www.library.ucla.edu/sel-geology	/visit/locations/science-engineering-library																								
https://www.library.ucla.edu/sel/about/staff-directory	/visit/locations/science-engineering-library																								
https://www.library.ucla.edu/service/iitems-stored-southern-regional-library-facility-srlf	/visit/locations/southern-regional-library-facility																								
https://www.library.ucla.edu/srlf/about	/visit/locations/southern-regional-library-facility		
# CLICC
https://www.library.ucla.edu/clicc  /about/programs/campus-library-instructional-computing-commons-clicc
https://clicc.ucla.edu  /about/programs/campus-library-instructional-computing-commons-clicc
https://www.clicc.ucla.edu  /about/programs/campus-library-instructional-computing-commons-clicc
# HELP
https://help.library.ucla.edu   /help/services-resources/ask-us
https://www.library.ucla.edu/questions/questions-ask-us /help/services-resources/ask-us
# HOURS
https://hours.library.ucla.edu  /visit/locations
https://www.library.ucla.edu/hours  /visit/locations
